{"count":1,"self":10.020351999999999,"total":165.8286767,"children":{"InitializeActuators":{"count":32,"self":0.0025068,"total":0.0025068,"children":null},"InitializeSensors":{"count":32,"self":0.0020063999999999998,"total":0.0020063999999999998,"children":null},"AgentSendState":{"count":22851,"self":0.079174399999999992,"total":0.3713303,"children":{"CollectObservations":{"count":73152,"self":0.047292299999999995,"total":0.047292299999999995,"children":null},"WriteActionMask":{"count":73152,"self":0.011325499999999999,"total":0.011325499999999999,"children":null},"RequestDecision":{"count":73152,"self":0.065494,"total":0.2335381,"children":{"AgentInfo.ToProto":{"count":73152,"self":0.054393699999999996,"total":0.1680441,"children":{"GenerateSensorData":{"count":73152,"self":0.1136504,"total":0.1136504,"children":null}}}}}}},"DecideAction":{"count":22851,"self":154.6595712,"total":154.6595724,"children":null},"AgentAct":{"count":22851,"self":0.7524044,"total":0.77190969999999992,"children":{"AgentInfo.ToProto":{"count":1925,"self":0.002506,"total":0.0195053,"children":{"GenerateSensorData":{"count":1925,"self":0.0169993,"total":0.0169993,"children":null}}}}}},"gauges":{"Roll.CumulativeReward":{"count":1925,"max":2.04199934,"min":-0.494,"runningAverage":-0.0449549779,"value":1.00199425,"weightedAverage":1.00947309}},"metadata":{"timer_format_version":"0.1.0","start_time_seconds":"1699042954","unity_version":"2022.3.9f1","command_line_arguments":"F:\\Unity-Editor\\2022.3.9f1\\Editor\\Unity.exe -projectpath D:\\Code\\Unity-RL\\Ball-roller -useHub -hubIPC -cloudEnvironment production -licensingIpc LicenseClient-User -hubSessionId 10e828ea-9a02-44a6-9ce5-b2a88b827b44 -accessToken OPcuPKaPQnZ4JtM-KlEetPFG0Dc30c9HG-pI-TA9I9I00cf","communication_protocol_version":"1.5.0","com.unity.ml-agents_version":"2.0.1","scene_name":"Roller","end_time_seconds":"1699043119"}}