{"count":1,"self":507.23537919999995,"total":4480.4353231,"children":{"InitializeActuators":{"count":4,"self":0.0010061999999999998,"total":0.0010061999999999998,"children":null},"InitializeSensors":{"count":4,"self":0.0009991,"total":0.0009991,"children":null},"AgentSendState":{"count":1250251,"self":90.3583744,"total":103.9376841,"children":{"CollectObservations":{"count":1000204,"self":0.1741192,"total":0.1741192,"children":null},"WriteActionMask":{"count":1000204,"self":0.20162829999999998,"total":0.20162829999999998,"children":null},"RequestDecision":{"count":1000204,"self":1.2897965999999998,"total":13.2035594,"children":{"AgentInfo.ToProto":{"count":1000204,"self":1.0172324,"total":11.913762799999999,"children":{"GenerateSensorData":{"count":1000204,"self":6.8318167999999995,"total":10.8965304,"children":{"RayPerceptionSensor.Perceive":{"count":2000408,"self":4.0647136,"total":4.0647134,"children":null}}}}}}}}},"DecideAction":{"count":1250251,"self":3822.0615679999996,"total":3822.061456,"children":null},"AgentAct":{"count":1250251,"self":47.1953312,"total":47.197792,"children":{"AgentInfo.ToProto":{"count":108,"self":0,"total":0.0024595,"children":{"GenerateSensorData":{"count":108,"self":0.0024595,"total":0.0024595,"children":{"RayPerceptionSensor.Perceive":{"count":216,"self":0,"total":0,"children":null}}}}}}}},"gauges":{"Push.CumulativeReward":{"count":108,"max":289.733582,"min":-32.2811737,"runningAverage":43.02367,"value":-29.9457359,"weightedAverage":24.70219}},"metadata":{"timer_format_version":"0.1.0","start_time_seconds":"1699034805","unity_version":"2022.3.9f1","command_line_arguments":"F:\\Unity-Editor\\2022.3.9f1\\Editor\\Unity.exe -projectpath D:\\Code\\Unity-RL\\Ball-roller -useHub -hubIPC -cloudEnvironment production -licensingIpc LicenseClient-User -hubSessionId 10e828ea-9a02-44a6-9ce5-b2a88b827b44 -accessToken NEEnZk7yZW8uLYuTSSxd1rVB_3I5NE1NXSrig0fN7l000cf","communication_protocol_version":"1.5.0","com.unity.ml-agents_version":"2.0.1","scene_name":"TestEnv","end_time_seconds":"1699039285"}}