{
    "name": "root",
    "gauges": {
        "Push.Policy.Entropy.mean": {
            "value": 3.5696003437042236,
            "min": 1.489912748336792,
            "max": 3.570608377456665,
            "count": 50
        },
        "Push.Policy.Entropy.sum": {
            "value": 35374.73828125,
            "min": 15271.60546875,
            "max": 36013.6640625,
            "count": 50
        },
        "Push.Environment.EpisodeLength.mean": {
            "value": 190.38095238095238,
            "min": 19.785862785862786,
            "max": 495.15384615384613,
            "count": 50
        },
        "Push.Environment.EpisodeLength.sum": {
            "value": 3998.0,
            "min": 3998.0,
            "max": 14060.0,
            "count": 50
        },
        "Push.Step.mean": {
            "value": 499949.0,
            "min": 9998.0,
            "max": 499949.0,
            "count": 50
        },
        "Push.Step.sum": {
            "value": 499949.0,
            "min": 9998.0,
            "max": 499949.0,
            "count": 50
        },
        "Push.Policy.ExtrinsicValueEstimate.mean": {
            "value": 0.0398390032351017,
            "min": -0.07143007218837738,
            "max": 0.19048532843589783,
            "count": 50
        },
        "Push.Policy.ExtrinsicValueEstimate.sum": {
            "value": 6.613274574279785,
            "min": -21.929033279418945,
            "max": 42.47822952270508,
            "count": 50
        },
        "Push.Environment.CumulativeReward.mean": {
            "value": 0.2857142857142857,
            "min": 0.004158004158004158,
            "max": 0.46875,
            "count": 50
        },
        "Push.Environment.CumulativeReward.sum": {
            "value": 6.0,
            "min": 2.0,
            "max": 32.0,
            "count": 50
        },
        "Push.Policy.ExtrinsicReward.mean": {
            "value": 0.2857142857142857,
            "min": 0.004158004158004158,
            "max": 0.46875,
            "count": 50
        },
        "Push.Policy.ExtrinsicReward.sum": {
            "value": 6.0,
            "min": 2.0,
            "max": 32.0,
            "count": 50
        },
        "Push.Losses.PolicyLoss.mean": {
            "value": 0.243728114238745,
            "min": 0.23661910393967192,
            "max": 0.25075032354930626,
            "count": 50
        },
        "Push.Losses.PolicyLoss.sum": {
            "value": 16.817239882473405,
            "min": 16.817239882473405,
            "max": 21.51272777296599,
            "count": 50
        },
        "Push.Losses.ValueLoss.mean": {
            "value": 0.005892548523878198,
            "min": 0.0017572197174188036,
            "max": 0.047790704805149596,
            "count": 50
        },
        "Push.Losses.ValueLoss.sum": {
            "value": 0.40658584814759563,
            "min": 0.1493636759805983,
            "max": 3.918837794022267,
            "count": 50
        },
        "Push.Policy.LearningRate.mean": {
            "value": 3.068046803437681e-06,
            "min": 3.068046803437681e-06,
            "max": 0.00029693763760615363,
            "count": 50
        },
        "Push.Policy.LearningRate.sum": {
            "value": 0.0002116952294372,
            "min": 0.0002116952294372,
            "max": 0.024348886283704598,
            "count": 50
        },
        "Push.Policy.Epsilon.mean": {
            "value": 0.10102264927536234,
            "min": 0.10102264927536234,
            "max": 0.19897921219512202,
            "count": 50
        },
        "Push.Policy.Epsilon.sum": {
            "value": 6.9705628000000015,
            "min": 6.9705628000000015,
            "max": 16.643133199999998,
            "count": 50
        },
        "Push.Policy.Beta.mean": {
            "value": 0.0005212223727536234,
            "min": 0.0005212223727536234,
            "max": 0.049489708176341476,
            "count": 50
        },
        "Push.Policy.Beta.sum": {
            "value": 0.035964343720000014,
            "min": 0.035964343720000014,
            "max": 4.058156070460001,
            "count": 50
        },
        "Push.IsTraining.mean": {
            "value": 1.0,
            "min": 1.0,
            "max": 1.0,
            "count": 50
        },
        "Push.IsTraining.sum": {
            "value": 1.0,
            "min": 1.0,
            "max": 1.0,
            "count": 50
        }
    },
    "metadata": {
        "timer_format_version": "0.1.0",
        "start_time_seconds": "1695651149",
        "python_version": "3.9.7 (tags/v3.9.7:1016ef3, Aug 30 2021, 20:19:38) [MSC v.1929 64 bit (AMD64)]",
        "command_line_arguments": "D:\\Code\\Unity-RL\\venv\\Scripts\\mlagents-learn .\\Configs\\pushBlock.yaml --run-id=pushBlock --force",
        "mlagents_version": "0.30.0",
        "mlagents_envs_version": "0.30.0",
        "communication_protocol_version": "1.5.0",
        "pytorch_version": "2.0.1+cu118",
        "numpy_version": "1.21.2",
        "end_time_seconds": "1695652038"
    },
    "total": 888.2031532,
    "count": 1,
    "self": 0.010685699999953613,
    "children": {
        "run_training.setup": {
            "total": 0.10077559999999997,
            "count": 1,
            "self": 0.10077559999999997
        },
        "TrainerController.start_learning": {
            "total": 888.0916919,
            "count": 1,
            "self": 0.8678300000092349,
            "children": {
                "TrainerController._reset_env": {
                    "total": 9.712529499999999,
                    "count": 1,
                    "self": 9.712529499999999
                },
                "TrainerController.advance": {
                    "total": 877.4601004999909,
                    "count": 57438,
                    "self": 0.7724407000124529,
                    "children": {
                        "env_step": {
                            "total": 346.76295679998475,
                            "count": 57438,
                            "self": 300.8120694000018,
                            "children": {
                                "SubprocessEnvManager._take_step": {
                                    "total": 45.46929729999372,
                                    "count": 57438,
                                    "self": 1.94590649999261,
                                    "children": {
                                        "TorchPolicy.evaluate": {
                                            "total": 43.52339080000111,
                                            "count": 50020,
                                            "self": 43.52339080000111
                                        }
                                    }
                                },
                                "workers": {
                                    "total": 0.4815900999892051,
                                    "count": 57438,
                                    "self": 0.0,
                                    "children": {
                                        "worker_root": {
                                            "total": 877.0676814999954,
                                            "count": 57438,
                                            "is_parallel": true,
                                            "self": 619.4298300999872,
                                            "children": {
                                                "steps_from_proto": {
                                                    "total": 0.002742200000000139,
                                                    "count": 1,
                                                    "is_parallel": true,
                                                    "self": 0.001029699999998357,